File,Pre_label,True_label,Success,Normal,Wrong
E:/Datasets/YOLOv8_cls/Windings/val2/Normal/Z106_Normal_Fri_May_26_07_16_11_2023_00310.jpg,Normal,Normal,True,0.9107042551040649,0.08929570019245148
E:/Datasets/YOLOv8_cls/Windings/val2/Normal/Z106_Normal_Fri_May_26_07_16_11_2023_00090.jpg,Normal,Normal,True,0.9029992818832397,0.09700068086385727
E:/Datasets/YOLOv8_cls/Windings/val2/Normal/Z106_Normal_Fri_May_26_07_16_11_2023_00420.jpg,Normal,Normal,True,0.9080653786659241,0.09193465113639832
E:/Datasets/YOLOv8_cls/Windings/val2/Normal/Z106_Normal_Fri_May_26_07_16_11_2023_00110.jpg,Normal,Normal,True,0.9033367037773132,0.0966632291674614
E:/Datasets/YOLOv8_cls/Windings/val2/Normal/Z106_Normal_Fri_May_26_07_16_11_2023_00410.jpg,Normal,Normal,True,0.8729349374771118,0.127065047621727
E:/Datasets/YOLOv8_cls/Windings/val2/Normal/Z106_Normal_Fri_May_26_07_16_11_2023_00250.jpg,Normal,Normal,True,0.8801566958427429,0.11984328925609589
E:/Datasets/YOLOv8_cls/Windings/val2/Normal/Z106_Normal_Fri_May_26_07_16_11_2023_00430.jpg,Normal,Normal,True,0.8714802861213684,0.128519669175148
E:/Datasets/YOLOv8_cls/Windings/val2/Normal/Z106_Normal_Fri_May_26_07_16_11_2023_00150.jpg,Normal,Normal,True,0.8614528179168701,0.13854719698429108
E:/Datasets/YOLOv8_cls/Windings/val2/Normal/Z106_Normal_Fri_May_26_07_16_11_2023_00300.jpg,Normal,Normal,True,0.9032319784164429,0.09676796942949295
E:/Datasets/YOLOv8_cls/Windings/val2/Normal/Z106_Normal_Fri_May_26_07_16_11_2023_00030.jpg,Normal,Normal,True,0.9016506671905518,0.09834928810596466
E:/Datasets/YOLOv8_cls/Windings/val2/Normal/Z106_Normal_Fri_May_26_07_16_11_2023_00260.jpg,Normal,Normal,True,0.8730375170707703,0.12696248292922974
E:/Datasets/YOLOv8_cls/Windings/val2/Normal/Z106_Normal_Fri_May_26_07_16_11_2023_00390.jpg,Normal,Normal,True,0.9041489362716675,0.09585103392601013
E:/Datasets/YOLOv8_cls/Windings/val2/Normal/Z106_Normal_Fri_May_26_07_16_11_2023_00000.jpg,Normal,Normal,True,0.874275267124176,0.12572480738162994
E:/Datasets/YOLOv8_cls/Windings/val2/Normal/Z106_Normal_Fri_May_26_07_16_11_2023_00280.jpg,Normal,Normal,True,0.8868517279624939,0.1131482869386673
E:/Datasets/YOLOv8_cls/Windings/val2/Normal/Z106_Normal_Fri_May_26_07_16_11_2023_00360.jpg,Normal,Normal,True,0.9051100611686707,0.09488996118307114
E:/Datasets/YOLOv8_cls/Windings/val2/Normal/Z106_Normal_Fri_May_26_07_16_11_2023_00380.jpg,Normal,Normal,True,0.9033681750297546,0.09663182497024536
E:/Datasets/YOLOv8_cls/Windings/val2/Normal/Z106_Normal_Fri_May_26_07_16_11_2023_00370.jpg,Normal,Normal,True,0.8720043897628784,0.12799564003944397
E:/Datasets/YOLOv8_cls/Windings/val2/Normal/Z106_Normal_Fri_May_26_07_16_11_2023_00350.jpg,Normal,Normal,True,0.8828439116477966,0.11715613305568695
E:/Datasets/YOLOv8_cls/Windings/val2/Normal/Z106_Normal_Fri_May_26_07_16_11_2023_00230.jpg,Normal,Normal,True,0.8987832069396973,0.10121675580739975
E:/Datasets/YOLOv8_cls/Windings/val2/Normal/Z106_Normal_Fri_May_26_07_16_11_2023_00040.jpg,Normal,Normal,True,0.8903013467788696,0.10969869792461395
E:/Datasets/YOLOv8_cls/Windings/val2/Normal/Z106_Normal_Fri_May_26_07_16_11_2023_00100.jpg,Normal,Normal,True,0.9127121567726135,0.08728788048028946
E:/Datasets/YOLOv8_cls/Windings/val2/Normal/Z106_Normal_Fri_May_26_07_16_11_2023_00160.jpg,Normal,Normal,True,0.8851233720779419,0.11487658321857452
E:/Datasets/YOLOv8_cls/Windings/val2/Normal/Z106_Normal_Fri_May_26_07_16_11_2023_00400.jpg,Normal,Normal,True,0.9122549891471863,0.08774496614933014
E:/Datasets/YOLOv8_cls/Windings/val2/Normal/Z106_Normal_Fri_May_26_07_16_11_2023_00130.jpg,Normal,Normal,True,0.8888775110244751,0.11112253367900848
E:/Datasets/YOLOv8_cls/Windings/val2/Normal/Z106_Normal_Fri_May_26_07_16_11_2023_00180.jpg,Normal,Normal,True,0.884929358959198,0.11507061123847961
E:/Datasets/YOLOv8_cls/Windings/val2/Normal/Z106_Normal_Fri_May_26_07_16_11_2023_00290.jpg,Normal,Normal,True,0.9054818749427795,0.09451805055141449
E:/Datasets/YOLOv8_cls/Windings/val2/Normal/Z106_Normal_Fri_May_26_07_16_11_2023_00190.jpg,Normal,Normal,True,0.8785779476165771,0.12142203748226166
E:/Datasets/YOLOv8_cls/Windings/val2/Normal/Z106_Normal_Fri_May_26_07_16_11_2023_00320.jpg,Normal,Normal,True,0.9083122611045837,0.09168774634599686
E:/Datasets/YOLOv8_cls/Windings/val2/Normal/Z106_Normal_Fri_May_26_07_16_11_2023_00330.jpg,Normal,Normal,True,0.9098678827285767,0.09013212472200394
E:/Datasets/YOLOv8_cls/Windings/val2/Normal/Z106_Normal_Fri_May_26_07_16_11_2023_00120.jpg,Normal,Normal,True,0.8943162560462952,0.10568371415138245
E:/Datasets/YOLOv8_cls/Windings/val2/Normal/Z106_Normal_Fri_May_26_07_16_11_2023_00070.jpg,Normal,Normal,True,0.8927394151687622,0.1072605550289154
E:/Datasets/YOLOv8_cls/Windings/val2/Normal/Z106_Normal_Fri_May_26_07_16_11_2023_00050.jpg,Normal,Normal,True,0.8847916722297668,0.11520835012197495
E:/Datasets/YOLOv8_cls/Windings/val2/Normal/Z106_Normal_Fri_May_26_07_16_11_2023_00220.jpg,Normal,Normal,True,0.8945417404174805,0.10545827448368073
E:/Datasets/YOLOv8_cls/Windings/val2/Normal/Z106_Normal_Fri_May_26_07_16_11_2023_00200.jpg,Normal,Normal,True,0.8863623738288879,0.11363756656646729
E:/Datasets/YOLOv8_cls/Windings/val2/Normal/Z106_Normal_Fri_May_26_07_16_11_2023_00060.jpg,Normal,Normal,True,0.9147543907165527,0.08524563908576965
E:/Datasets/YOLOv8_cls/Windings/val2/Normal/Z106_Normal_Fri_May_26_07_16_11_2023_00270.jpg,Normal,Normal,True,0.8843207359313965,0.1156793087720871
E:/Datasets/YOLOv8_cls/Windings/val2/Normal/Z106_Normal_Fri_May_26_07_16_11_2023_00240.jpg,Normal,Normal,True,0.8447167873382568,0.15528316795825958
E:/Datasets/YOLOv8_cls/Windings/val2/Normal/Z106_Normal_Fri_May_26_07_16_11_2023_00020.jpg,Normal,Normal,True,0.9062547087669373,0.09374529123306274
E:/Datasets/YOLOv8_cls/Windings/val2/Normal/Z106_Normal_Fri_May_26_07_16_11_2023_00170.jpg,Normal,Normal,True,0.8552848100662231,0.14471513032913208
E:/Datasets/YOLOv8_cls/Windings/val2/Normal/Z106_Normal_Fri_May_26_07_16_11_2023_00210.jpg,Normal,Normal,True,0.8994052410125732,0.10059475898742676
E:/Datasets/YOLOv8_cls/Windings/val2/Normal/Z106_Normal_Fri_May_26_07_16_11_2023_00340.jpg,Normal,Normal,True,0.9083077311515808,0.0916922464966774
E:/Datasets/YOLOv8_cls/Windings/val2/Normal/Z106_Normal_Fri_May_26_07_16_11_2023_00010.jpg,Normal,Normal,True,0.878230631351471,0.12176929414272308
E:/Datasets/YOLOv8_cls/Windings/val2/Normal/Z106_Normal_Fri_May_26_07_16_11_2023_00140.jpg,Normal,Normal,True,0.9033060669898987,0.09669387340545654
E:/Datasets/YOLOv8_cls/Windings/val2/Normal/Z106_Normal_Fri_May_26_07_16_11_2023_00080.jpg,Normal,Normal,True,0.8557287454605103,0.14427122473716736
